username,password
hussien47,123456
hussien48,123456
hussien49,123456
hussien50,123456
hussien51,123456
hussien52,123456
hussien53,123456
hussien54,123456
hussien55,123456
hussien56,123456
hussien57,123456
hussien58,123456
hussien59,123456
hussien60,123456
hussien61,123456
hussien62,123456
hussien63,123456
hussien64,123456
hussien65,123456
hussien66,123456
hussien67,123456
hussien68,123456
hussien69,123456
hussien70,123456
hussien71,123456
hussien72,123456
hussien73,123456
hussien74,123456
hussien75,123456
hussien76,123456
hussien77,123456
hussien78,123456
hussien79,123456
hussien80,123456
hussien81,123456
hussien82,123456
hussien83,123456
hussien84,123456
hussien85,123456
hussien86,123456
hussien87,123456
hussien88,123456
hussien89,123456
hussien90,123456
hussien91,123456
hussien92,123456
hussien93,123456
hussien94,123456
hussien95,123456
